name,ghs
1 do Flamboyant I,6fd
Ac.,6fd
Ac. 33,6fd
Ac. Grasel,6fd
Ac. Irregular,6fd
Ac. Linha João Alves,6fd
Ac. Rubem Guilherme Kaempf,6fd
Al. Aconcágua,6fd
Al. Alpes Suíços,6fd
Al. Alvorada,6fd
Al. Aparados da Serra,6fd
Al. B,6fd
Al. Beija Flor,6fd
Al. Bem-te-Vi,6fd
Al. Everest,6fd
Al. Formosa,6fd
Al. Gran Paraíso,6fd
Al. Himalaia,6fd
Al. João de Barro,6fd
Al. Mississipi,6fd
Al. Monte Blanco,6fd
Al. Monte Olimpo,6fd
Al. Montes Bascos,6fd
Al. Par Quatro,6fd
Al. Par Três,6fd
Al. Pico da Bandeira,6fd
Al. Primeira Alameda,6fd
Al. Quarta Alameda,6fd
Al. Quinta Alameda,6fd
Al. Segunda Alameda,6fd
Al. Serra da Canastra,6fd
Al. Serra da Estrela,6fd
Al. Serra da Nevada,6fd
Al. Sexta Alameda,6fd
Al. Sétima Alameda,6fd
Al. Terceira Alameda,6fd
Al. da Mantiqueira,6fd
Al. da Paz,6fd
Al. da Subida,6fd
Al. das Alamandas,6fd
Al. das Andorinhas,6fd
Al. das Araucárias,6fd
Al. das Azaléias,6fd
Al. das Camélias,6fd
Al. das Gaivotas,6fd
Al. das Margaridas,6fd
Al. das Timbaúvas,6fd
Al. do Lago,6fd
Al. do Trapiche,6fd
Al. dos Agapantos,6fd
Al. dos Aracuãs,6fd
Al. dos Bosques,6fd
Al. dos Gerânios,6fd
Al. dos Lírios,6fd
Al. dos Pardais,6fd
Al. dos Pirineus,6fd
Al. dos Sabiás,6fd
Al. dos Tucanos,6fd
Av. David Severo Mânica,6fd
Av. Dep. Euclydes N. Kliemann,6fd
Av. Dom Alberto Etges,6fd
Av. Dom Guilherme Müller,6fd
Av. Dr. Daniel Carlos Caspary,6fd
Av. Felisberto Bandeira de Moraes,6fd
Av. Gaspar Bartholomay,6fd
Av. Getúlio Vargas,6fd
Av. Independência,6fd
Av. João Pessoa,6fd
Av. Leo Kraether,6fd
Av. Melvin Jones,6fd
Av. Paul Harris,6fd
Av. Portal del Ville,6fd
Av. Pres. Castelo Branco,6fd
Av. Pôr do Sol,6fd
Av. Roma,6fd
Av. Rudi Falk,6fd
Av. Sen. Pasqualini,6fd
Av. Willy Moraes,6fd
Av. das Prendas,6fd
Av. do Imigrante,6fd
Av. dos Cristais,6fd
Av. dos Ingazeiros,6fd
Av. dos Pampas,6fd
Beco Schulz,6fd
Beco do Caqui,6fd
Beco do Cleber I,6fd
Beco do Cleber II,6fd
Boulv. do Andes,6fd
Cam. do Morro,6fd
Cor. 1,6fd
Cor. 2,6fd
Cor. 3,6fd
Cor. 4,6fd
Cor. 5,6fd
Cor. 6,6fd
Cor. A (Lot. Zanette II),6fd
Cor. Araújo,6fd
Cor. B (Lot. Zanette II),6fd
Cor. Bernardino Corrêa Lopes,6fd
Cor. Brust,6fd
Cor. Darci Dias,6fd
Cor. David Severo Mânica,6fd
Cor. Ferreira Fanfa,6fd
Cor. Fredolino do Nascimento,6fd
Cor. Frey,6fd
Cor. Fries,6fd
Cor. Goelzer,6fd
Cor. Goerck,6fd
Cor. Henrique Schmidt,6fd
Cor. Mainardi,6fd
Cor. Mees,6fd
Cor. Miguel de Assis,6fd
Cor. Municipal,6fd
Cor. Nascer do Sol,6fd
Cor. Overbeck,6fd
Cor. Schuck,6fd
Cor. Schuster,6fd
Cor. Soder,6fd
Cor. São Pedro,6fd
Cor. Treib,6fd
Cor. Umann,6fd
Cor. Zanette,6fd
Cor. da Pedreira,6fd
Cor. das Hortências,6fd
Cor. do Carmo,6fd
Cor. do João,6fd
Cor. do Laçaço,6fd
Estr. Bruno Pritsch,6fd
Estr. Capão da Cruz,6fd
Estr. Linha 7 de setembro,6fd
Estr. Linha Áustria,6fd
Estr. Recanto do Laço,6fd
Estr. São João da Serra,6fd
Estr. Trav. Heck,6fd
Estr. Trav. Hermes,6fd
Estrada São José da Reserva,6fd
Rod. BR-471,6fd
Rod. ERS - 405,6fd
Rod. ERS - 409,6fd
Rod. ERS - 412,6fd
Rod. ERS - 418 (Linha Antão),6fd
Rod. RSC - 287,6fd
Rua 01 (LOT PICK ZANETTI),6fd
Rua 01 (LOT. INDUSTRIAL BOTTEGA),6fd
Rua 01 (Lot. Back),6fd
Rua 01 (Lot. Bela Vista),6fd
Rua 01 (Lot. Casa da Pedra I),6fd
Rua 01 (Lot. Casa da Pedra II),6fd
Rua 01 (Lot. Girassol),6fd
Rua 01 (Lot. Jackland I),6fd
Rua 01 (Lot. Jackland II),6fd
Rua 01 (Lot. Knak),6fd
Rua 01 (Lot. Monastério),6fd
Rua 01 (Lot. Moradas do Sul,6fd
Rua 01 (Lot. Renascença),6fd
Rua 01 (Lot. Sol do Poente),6fd
Rua 01 (Lot. Terras Altas),6fd
Rua 01 do Arroio Grande 4,6fd
Rua 01 do Jardim do Sol,6fd
Rua 01 do Lot. Industrial GT,6fd
Rua 01 do Lot. Mãe de Deus,6fd
Rua 01 do Lot. Santa Maria,6fd
Rua 01 do Lot. Santo Antônio,6fd
Rua 01 do Recanto do Sol,6fd
Rua 01 do Santo Augusto,6fd
Rua 01 do Valentin Goercke,6fd
Rua 02 (LOT PICK ZANETTI),6fd
Rua 02 (LOT. INDUSTRIAL BOTTEGA),6fd
Rua 02 (Lot Knak),6fd
Rua 02 (Lot. Back),6fd
Rua 02 (Lot. Bela Vista),6fd
Rua 02 (Lot. Jackland I),6fd
Rua 02 (Lot. Jackland II),6fd
Rua 02 (Lot. Moradas do Sul,6fd
Rua 02 (Lot. Santa Maria),6fd
Rua 02 do Arroio Grande 4,6fd
Rua 02 do Green Village,6fd
Rua 02 do Jardim do Sol,6fd
Rua 02 do Kaempf,6fd
Rua 02 do Lot. Industrial GT,6fd
Rua 02 do Lot. Mãe de Deus,6fd
Rua 02 do Santo Augusto,6fd
Rua 02 do Valentin Goercke,6fd
Rua 03 (LOT PICK ZANETTI),6fd
Rua 03 (Lot. Back),6fd
Rua 03 (Lot. Bela Vista),6fd
Rua 03 (Lot. Moradas do Sul,6fd
Rua 03 (Lot. Santa Maria),6fd
Rua 03 (Lot. Trinks),6fd
Rua 03 do Arroio Grande 4,6fd
Rua 03 do Green Village,6fd
Rua 03 do Lot. Industrial GT,6fd
Rua 03 do Lot. Mãe de Deus,6fd
Rua 03 do Santo Augusto,6fd
Rua 03 do Valentin Goercke,6fd
Rua 04 (LOT PICK ZANETTI),6fd
Rua 04 (Lot. Back),6fd
Rua 04 (Lot. Bela Vista),6fd
Rua 04 (Lot. Moradas do Sul,6fd
Rua 04 do Jardim do Sol,6fd
Rua 04 do Kaempf,6fd
Rua 04 do Lot. Industrial GT,6fd
Rua 04 do Lot. Mãe de Deus,6fd
Rua 04 do Valentin Goercke,6fd
Rua 05 (LOT PICK ZANETTI),6fd
Rua 05 (Lot. Moradas do Sul,6fd
Rua 05 do Green Village,6fd
Rua 05 do Jardim do Sol,6fd
Rua 05 do Lot. Industrial GT,6fd
Rua 05 do Lot. Mãe de Deus,6fd
Rua 05 do Valentin Goercke,6fd
Rua 06 (Lot. Bela Vista),6fd
Rua 06 (Lot. Kaempf),6fd
Rua 06 (Lot. Moradas do Sul,6fd
Rua 06 do Green Village,6fd
Rua 06 do Jardim do Sol,6fd
Rua 06 do Lot. Mãe de Deus,6fd
Rua 07 (LOT PICK ZANETTI),6fd
Rua 07 (Lot. Bela Vista),6fd
Rua 07 (Lot. Moradas do Sul,6fd
Rua 07 do Jardim do Sol,6fd
Rua 07 do Lot. Mãe de Deus,6fd
Rua 08 (LOT PICK ZANETTI),6fd
Rua 08 (LOT. TORRANO),6fd
Rua 08 (Lot. Kaempf),6fd
Rua 08 (Lot. Moradas do Sul,6fd
Rua 08 do Jardim do Sol,6fd
Rua 08 do Lot. Mâe de Deus,6fd
Rua 09 (LOT PICK ZANETTI),6fd
Rua 09 (Lot. Bela Vista),6fd
Rua 09 do Lot. Mâe de Deus,6fd
Rua 1 Avifauna,6fd
Rua 1 do Belvedere,6fd
Rua 10 (LOT PICK ZANETTI),6fd
Rua 10 (Lot. Bela Vista),6fd
Rua 10 do Jardim do Sol,6fd
Rua 10 do Lot. Mãe de Deus,6fd
Rua 11 (LOT PICK ZANETTI),6fd
Rua 11 (Lot. Bela Vista),6fd
Rua 11 do Jardim do Sol,6fd
Rua 12 (LOT PICK ZANETTI),6fd
Rua 12 do Kaempf,6fd
Rua 13 (LOT PICK ZANETTI),6fd
Rua 13 de Maio,6fd
Rua 13 do Jardim do Sol,6fd
Rua 13 do Kaempf,6fd
Rua 14 (LOT PICK ZANETTI),6fd
Rua 14 do Kaempf,6fd
Rua 14 do Lot. Mãe de Deus,6fd
Rua 15 do Lot. Mãe de Deus,6fd
Rua 16 (LOT PICK ZANETTI),6fd
Rua 16 do Lot. Mãe de Deus,6fd
Rua 17 (LOT PICK ZANETTI),6fd
Rua 18 do Lot. Mãe de Deus,6fd
Rua 19 (Blumengarten),6fd
Rua 19 de Dezembro,6fd
Rua 2 Avifauna,6fd
Rua 2 do Royal Country,6fd
Rua 22,6fd
Rua 24 (LOT. FINGERHUT),6fd
Rua 25 de Julho,6fd
Rua 28 de Outubro,6fd
Rua 28 de Setembro,6fd
Rua 3 Avifauna,6fd
Rua 31 de Outubro,6fd
Rua 4 (Lot. Popular Boa Esperança),6fd
Rua 4 Avifauna,6fd
Rua 7 (Lot. Popular Boa Esperança),6fd
Rua 7 de Setembro,6fd
Rua A (Lot. Alles Guth),6fd
Rua A do Carlota,6fd
Rua A do Loteamento Linha João Alves,6fd
Rua Abraão Tatsch,6fd
Rua Abrelino Pedroso,6fd
Rua Acre,6fd
Rua Adail Gonzaga Fernandes,6fd
Rua Adalberto Holts,6fd
Rua Adolfo Caspary,6fd
Rua Adolfo Hennig,6fd
Rua Adolfo Hoelzel,6fd
Rua Adolfo Lamberts,6fd
Rua Adolfo Pritsch,6fd
Rua Adolino Silveira da Rosa,6fd
Rua Adão Lambert,6fd
Rua Adão Lemos,6fd
Rua Adão de Moura,6fd
Rua Adélia Maria Soder,6fd
Rua Affonso Agnes,6fd
Rua Affonso Pohl,6fd
Rua Afonso C. Bartz,6fd
Rua Agudo,6fd
Rua Alagoas,6fd
Rua Albano Pedro José Swarowsky,6fd
Rua Albano Rech,6fd
Rua Alberto Ott,6fd
Rua Albino Augusto Assmann,6fd
Rua Alceu Bartz,6fd
Rua Alcides Bertuol,6fd
Rua Alegrete,6fd
Rua Alemanha,6fd
Rua Alfazema,6fd
Rua Alfredo G. Meurer,6fd
Rua Alfredo Gruendling,6fd
Rua Alfredo J. Kliemann,6fd
Rua Alfredo João Filter,6fd
Rua Alfredo Machado,6fd
Rua Almirante Barroso,6fd
Rua Almirante Tamandaré,6fd
Rua Alpestre,6fd
Rua Altair Gil,6fd
Rua Alvino Adolfo Kipper,6fd
Rua Amanda Scherer,6fd
Rua Amapá,6fd
Rua Amaro de Fátima Peixoto Vieira,6fd
Rua Amazonas,6fd
Rua Ametista,6fd
Rua Américo Von Borowski,6fd
Rua Andrade Neves,6fd
Rua Andreas Augusto Berlt,6fd
Rua André Beck,6fd
Rua Anna Zanette,6fd
Rua Anthelmo Emmel,6fd
Rua Antonio Kipper,6fd
Rua Antonio Lambert,6fd
Rua Antonio Zimmer,6fd
Rua Antônio Assmann,6fd
Rua Antônio Brito Filho,6fd
Rua Antônio Eick,6fd
Rua Antônio Schuh,6fd
Rua Antônio da Silva Martins,6fd
Rua Araçá,6fd
Rua Arestides Benjamim Romminger,6fd
Rua Argentina,6fd
Rua Ari Viribaldo Freitas,6fd
Rua Aristides Freitas,6fd
Rua Arlindo Gründling,6fd
Rua Arlindo Kothe,6fd
Rua Armando Schulz,6fd
Rua Armindo Olympio Zimmer,6fd
Rua Arnaldo Grundling,6fd
Rua Arno Kaempf,6fd
Rua Arnoldo Brust,6fd
Rua Arnoldo Henrique Zimmer,6fd
Rua Arnoldo Spengler,6fd
Rua Arthur Alberto Rabuske,6fd
Rua Arthur Bernardes,6fd
Rua Arthur Fetter,6fd
Rua Arthur Kaercher,6fd
Rua Arthur Martin,6fd
Rua Arthur Walter Kaempf,6fd
Rua Arthur de Jesus Ferreira,6fd
Rua Artur Soder,6fd
Rua Ary Ventura Vidal,6fd
Rua Assis Brasil,6fd
Rua Atenas,6fd
Rua Atlantida,6fd
Rua Augusto Arnold,6fd
Rua Augusto Assmann,6fd
Rua Augusto Backes,6fd
Rua Augusto Bernardo Kessler,6fd
Rua Augusto L. Becker,6fd
Rua Augusto Raffler,6fd
Rua Augusto Spengler,6fd
Rua Augusto Wutke,6fd
Rua Avelino dos Santos,6fd
Rua Ayrton Senna,6fd
Rua B (Lot. Alles Guth),6fd
Rua B do Carlota,6fd
Rua B do Loteamento Linha João Alves,6fd
Rua Bagé,6fd
Rua Bahia,6fd
Rua Baldoino Martin,6fd
Rua Barreiras,6fd
Rua Barreto,6fd
Rua Barros Cassal,6fd
Rua Barão do Arroio Grande,6fd
Rua Basalto,6fd
Rua Bela Vista,6fd
Rua Belluny Pereira,6fd
Rua Belo Horizonte,6fd
Rua Belém,6fd
Rua Benno Aloysio Gassen,6fd
Rua Benno Diefenbach,6fd
Rua Benno Neumann,6fd
Rua Beno J. Eick,6fd
Rua Bento Gonçalves,6fd
Rua Berlim,6fd
Rua Bernardo Lindolfo Waechter,6fd
Rua Blumen Garten,6fd
Rua Boa Esperança,6fd
Rua Boaventura Kolberg,6fd
Rua Bolzano,6fd
Rua Bolívia,6fd
Rua Bom Retiro,6fd
Rua Boqueirão do Leão,6fd
Rua Borges de Medeiros,6fd
Rua Brasília,6fd
Rua Brilhante,6fd
Rua Bruno Agnes,6fd
Rua Bruno Bernardo Weindel,6fd
Rua Bruno Francisco Kliemann,6fd
Rua Bréscia,6fd
Rua Bélgica,6fd
Rua Bérgamo,6fd
Rua C (Lot. Alles Guth),6fd
Rua C do Carlota,6fd
Rua Cabriúva,6fd
Rua Cacequi,6fd
Rua Cachoeira,6fd
Rua Caiçara,6fd
Rua Camaquã,6fd
Rua Cambará,6fd
Rua Campo Novo,6fd
Rua Candelária,6fd
Rua Canguçu,6fd
Rua Canjerana,6fd
Rua Cap. Fernando Tatsch,6fd
Rua Cap. Francisco C. de C. Menezes,6fd
Rua Cap. Jorge Frantz,6fd
Rua Cap. Pedro Werlang,6fd
Rua Cap. Sebastião,6fd
Rua Capivari,6fd
Rua Capri,6fd
Rua Caramurú,6fd
Rua Carazinho,6fd
Rua Carlitos Eduardo Walter Kaempf,6fd
Rua Carlos A. Hoppe,6fd
Rua Carlos Augusto Berlt,6fd
Rua Carlos Baumhardt,6fd
Rua Carlos Bergel,6fd
Rua Carlos Boettcher Filho,6fd
Rua Carlos Carvalho,6fd
Rua Carlos Gomes,6fd
Rua Carlos Guilherme Schreiner,6fd
Rua Carlos Henrique Hauth,6fd
Rua Carlos Henrique Heuser,6fd
Rua Carlos Kern,6fd
Rua Carlos Luiz Kolberg,6fd
Rua Carlos Maurício Werlang,6fd
Rua Carlos Schütz,6fd
Rua Carlos Swarowsky,6fd
Rua Carlos Trein Filho,6fd
Rua Carmem Martins Keller,6fd
Rua Caroba,6fd
Rua Casimiro de Abreu,6fd
Rua Castro Alves,6fd
Rua Catuípe,6fd
Rua Caxambú,6fd
Rua Caxias do Sul,6fd
Rua Caçapava,6fd
Rua Ceará,6fd
Rua Cedro,6fd
Rua Cel. Luciano de Souza,6fd
Rua Cel. Oscar Rafael Jost,6fd
Rua Cerro Largo,6fd
Rua Chile,6fd
Rua Cidirlei da Silveira Ramos,6fd
Rua Cleber Natalino dos Santos,6fd
Rua Cláudio Armindo Konzen,6fd
Rua Cláudio José Backes,6fd
Rua Colômbia,6fd
Rua Condor,6fd
Rua Cons. Augusto Mergener,6fd
Rua Cons. Oscar Gressler,6fd
Rua Cons. R. Gruendling,6fd
Rua Cons. Serafim Waechter,6fd
Rua Cons. Silva Branco,6fd
Rua Cons. Simões Pires,6fd
Rua Cons. Theodoro Albrecht,6fd
Rua Cons. Trockel,6fd
Rua Cont. Alberto Rodolpho Bay,6fd
Rua Coréia do Sul,6fd
Rua Cremona,6fd
Rua Crissiumal,6fd
Rua Cristiano Haar,6fd
Rua Cristóvão Colombo,6fd
Rua Cruz Alta,6fd
Rua Cuiabá,6fd
Rua Curitiba,6fd
Rua Curupaiti,6fd
Rua D (Lot. Alles Guth),6fd
Rua D do Carlota,6fd
Rua Daltro Rodrigues Menezes,6fd
Rua Daniel Caspary,6fd
Rua Darcilo Goerck,6fd
Rua Dario Barbosa,6fd
Rua Davi Canabarro,6fd
Rua Demétrio Ribeiro,6fd
Rua Dep. Germano Hasslocher,6fd
Rua Dep. Júlio de Oliveira Vianna,6fd
Rua Dep. Lidovino Fanton,6fd
Rua Dep. Ulysses Guimarães,6fd
Rua Deputado Norberto Harald Schmidt,6fd
Rua Des. Alfredo Zimmer,6fd
Rua Diamante,6fd
Rua Dinamarca,6fd
Rua Dom Antonio Reis,6fd
Rua Dom Henrique Froehlich,6fd
Rua Dom Pedrito,6fd
Rua Dom Pedro II,6fd
Rua Dona Anna Kist,6fd
Rua Dona Cristina,6fd
Rua Dona Flora,6fd
Rua Dona Leopoldina,6fd
Rua Dona Miriam,6fd
Rua Dona Romana Barbian,6fd
Rua Dona Therezinha,6fd
Rua Doraci da Luz,6fd
Rua Dorval Martins,6fd
Rua Dr. Adalberto Wilke,6fd
Rua Dr. André Bator,6fd
Rua Dr. Arthur Germano Fett,6fd
Rua Dr. Arthur Kliemann,6fd
Rua Dr. Carlos Emilio Hardegger,6fd
Rua Dr. Cleóbis Dorneles da Fontoura,6fd
Rua Dr. Edgar Mario Sperb,6fd
Rua Dr. Eugenio Schneider,6fd
Rua Dr. Gidon Nyland,6fd
Rua Dr. Guilherme Hildebrand,6fd
Rua Dr. Ingo Ebert,6fd
Rua Dr. Jacob Blész,6fd
Rua Dr. José Carlos Pereira,6fd
Rua Dr. Leopoldo Morsch,6fd
Rua Dr. Luiz Arthur Jacobus,6fd
Rua Dr. Ortenberg,6fd
Rua Dr. Pedro Eggler,6fd
Rua Dr. Raul Gaspar Bartholomay,6fd
Rua Dr. Ruben Nelson Keller,6fd
Rua Dr. Wilhelm Mueller,6fd
Rua Dr. Willy Carlos Fröhlich,6fd
Rua Dr. Álvaro Corrêa da Silva,6fd
Rua Duque de Caxias,6fd
Rua E (Lot. Alles Guth),6fd
Rua E do Carlota,6fd
Rua Edemar Renaldino Bender,6fd
Rua Edgar Aloísio Beckenkamp,6fd
Rua Edgar Filter,6fd
Rua Edmundo Baumhardt,6fd
Rua Edmundo Becker,6fd
Rua Edmundo Hoppe,6fd
Rua Edmundo Schwengber,6fd
Rua Edmundo Schütz,6fd
Rua Edmundo Steffens,6fd
Rua Eduard Max Von Borowsky,6fd
Rua Eduardo Haeser,6fd
Rua Eduardo Kaempf,6fd
Rua Edvino Peschel,6fd
Rua Edwino Haeser,6fd
Rua Egon Francisco Knak,6fd
Rua Egon Wink,6fd
Rua Elibio Mailaender,6fd
Rua Elisa Gil Borowski,6fd
Rua Elsina Oniria da Silva,6fd
Rua Emílio Guilherme Schulz,6fd
Rua Emílio Mohr,6fd
Rua Emílio Rabenschlag,6fd
Rua Encantado,6fd
Rua Eng. Francisco Tamar Knak,6fd
Rua Eng. Renê Reinaldo Emmel,6fd
Rua Equador,6fd
Rua Erechim,6fd
Rua Erna Teresinha Schaefer,6fd
Rua Ernani Fagundes Pacheco,6fd
Rua Ernani Pedro Hoffmann,6fd
Rua Ernesto Alves,6fd
Rua Ernesto Augusto Mandler,6fd
Rua Ernesto Carlos Iserhard,6fd
Rua Ernesto Caspary,6fd
Rua Ernesto Matheis,6fd
Rua Ernesto Stähler,6fd
Rua Ernesto Söhnle,6fd
Rua Ernesto Wermuth,6fd
Rua Ernestor Cardoso,6fd
Rua Erva-Mate,6fd
Rua Ervino Schwertz,6fd
Rua Ervino Watte,6fd
Rua Escócia,6fd
Rua Espanha,6fd
Rua Espumoso,6fd
Rua Espírito Santo,6fd
Rua Estrela,6fd
Rua Eugenio Iserhard,6fd
Rua Eugenio Schwengber,6fd
Rua Evilásio Carvalho Bastos,6fd
Rua Ewaldo Bender,6fd
Rua Exp. Benedito F. Goldschmidt,6fd
Rua Eça de Queiroz,6fd
Rua F (Lot. Alles Guth),6fd
Rua Falcão Bauer,6fd
Rua Farroupilha,6fd
Rua Feliciano Barbosa,6fd
Rua Felipe Becker,6fd
Rua Felipe Heuser,6fd
Rua Felipe Jacobus Filho,6fd
Rua Felipe Spies,6fd
Rua Fernando Abott,6fd
Rua Fernando Pessoa,6fd
Rua Finlândia,6fd
Rua Flora Dornelles,6fd
Rua Florença,6fd
Rua Flores da Cunha,6fd
Rua Florianópolis,6fd
Rua Florinda Jungbluth,6fd
Rua Fortaleza,6fd
Rua Fortunato Prado Lima,6fd
Rua Francisco Antônio Gonçalves,6fd
Rua Francisco J. Kliemann,6fd
Rua Francisco Wartchow,6fd
Rua França,6fd
Rua Frederico Etges,6fd
Rua Frederico G. Bartholomay,6fd
Rua Frederico Goldmann,6fd
Rua Frederico Guilherme Duren,6fd
Rua Frederico Guilherme Scherer,6fd
Rua Frederico Guilherme Schreiner,6fd
Rua Frederico Rech,6fd
Rua Frederico Tietze,6fd
Rua Fredolino Assmann,6fd
Rua Fredolino Machado,6fd
Rua Félix Hoppe,6fd
Rua G (Lot. Alles Guth),6fd
Rua Galileu Galilei,6fd
Rua Galvão Costa,6fd
Rua Garibaldi,6fd
Rua Gaspar Silveira Martins,6fd
Rua Gastão Baumhardt,6fd
Rua Gaurama,6fd
Rua Geci Costa Moreira de Oliveira,6fd
Rua Gen. Andrea,6fd
Rua Gen. Daltro Filho,6fd
Rua Gen. Osório,6fd
Rua Gerfredo Peccati,6fd
Rua Germano Baumhardt Filho,6fd
Rua Germano Becker,6fd
Rua Germano Graf,6fd
Rua Germano Kessler,6fd
Rua Germano Rodolfo Assmann,6fd
Rua Girassol,6fd
Rua Giruá,6fd
Rua Goiás,6fd
Rua Gonçalves Lêdo,6fd
Rua Grafite,6fd
Rua Gramado,6fd
Rua Granito,6fd
Rua Gravataí,6fd
Rua Grécia,6fd
Rua Guajuvira,6fd
Rua Guaporé,6fd
Rua Guarda de Deus,6fd
Rua Guatambú,6fd
Rua Guiana,6fd
Rua Guido Ernani Kuhn,6fd
Rua Guido Waechter,6fd
Rua Guilherme Gewehr,6fd
Rua Guilherme Hackbarth,6fd
Rua Guilherme Hansel,6fd
Rua Guilherme Keber,6fd
Rua Guilherme Kuhn,6fd
Rua Guilherme Lamberts,6fd
Rua Guilherme Marx,6fd
Rua Guilherme Müller,6fd
Rua Guilherme Schütz,6fd
Rua Guilherme Werlang,6fd
Rua Gustavo Doss,6fd
Rua Gustavo Germano Gerhardt,6fd
Rua Gustavo Kliemann,6fd
Rua Gênova,6fd
Rua Heimbert Hoerbe,6fd
Rua Heimberto R. C. Puhlmann,6fd
Rua Helma E. Barbosa,6fd
Rua Helmuth F. Dreher,6fd
Rua Helmuth Fuelber,6fd
Rua Helmuth Guilherme Jungblut,6fd
Rua Helmuth Schuetz,6fd
Rua Henrique Christiano Lüttjohann,6fd
Rua Henrique Edmundo Assmann,6fd
Rua Henrique Funk,6fd
Rua Henrique Gerhardt,6fd
Rua Henrique João Filter,6fd
Rua Henrique Kroth,6fd
Rua Henrique Köhn,6fd
Rua Henrique Melchiors,6fd
Rua Henrique Niedersberg,6fd
Rua Henrique Ott,6fd
Rua Henrique Schuster,6fd
Rua Henrique Schütz,6fd
Rua Henrique Wickert,6fd
Rua Herbert José de Souza,6fd
Rua Herculano Dias,6fd
Rua Hermínio Rodrigues,6fd
Rua Holanda,6fd
Rua Homero Viana,6fd
Rua Horizontina,6fd
Rua Horácio da Veiga,6fd
Rua Hugo Natal Zucatti,6fd
Rua Humaitá,6fd
Rua Humberto Schuster,6fd
Rua I (Lot. Paineiras),6fd
Rua I (Morada das Orquíideas),6fd
Rua II (LOT. ZANETTI),6fd
Rua II (Lot. Alvorada),6fd
Rua III (LOT. VALE DO NAZARE),6fd
Rua III (LOT. ZANETTI),6fd
Rua III (Lot. Alvorada),6fd
Rua III (Lot. Flamboyant),6fd
Rua IV (LOT. FLAMBOYANT),6fd
Rua IV (Lot. Alvorada),6fd
Rua IX (LOT. JACARANDA),6fd
Rua Ibanez Lara,6fd
Rua Ibirubá,6fd
Rua Ignácio Jacob Jacobs,6fd
Rua Iguaçú,6fd
Rua Ijuí,6fd
Rua Ildo Henrique Rabuske,6fd
Rua Imp. Amélia Augusta,6fd
Rua Imp. Maria Leopoldina,6fd
Rua Imp. Teresa Cristina,6fd
Rua Inácio Afonso Agnes,6fd
Rua Ipê,6fd
Rua Irma Olga Knudsen,6fd
Rua Irmã Adiles Wenzel,6fd
Rua Irmã Aline Gerhards,6fd
Rua Irmã Clara,6fd
Rua Irmã Elma Esteves,6fd
Rua Irmã Francisca Valesca Volkmer,6fd
Rua Irmã Germana Rech,6fd
Rua Irmã Olinda,6fd
Rua Irmã Revocata,6fd
Rua Irmão Danilo,6fd
Rua Irmão Emílio,6fd
Rua Irmão Pedro,6fd
Rua Irmão Sebastião,6fd
Rua Irmão Willibaldo,6fd
Rua Itapeva,6fd
Rua Itaqui,6fd
Rua Itália,6fd
Rua Ivo G. Horn,6fd
Rua Ivotí,6fd
Rua Jacarandá,6fd
Rua Jacob Fritsch,6fd
Rua Jacob Koehler,6fd
Rua Jacob Müller,6fd
Rua Jacob Vogt,6fd
Rua Jaguari,6fd
Rua Jaguarão,6fd
Rua Jair Calixto,6fd
Rua Jandyra Eick,6fd
Rua Jasmin,6fd
Rua Jece Zubaran,6fd
Rua Jesus Gil,6fd
Rua Joana  D'Arc,6fd
Rua Joaquim Murtinho,6fd
Rua Johan G. Pohl,6fd
Rua Johanes Karl Klemm,6fd
Rua Jorge H. Eichenberg,6fd
Rua Jorge Hoelzel,6fd
Rua Jorge Teixeira,6fd
Rua Jorn. Rony Forster,6fd
Rua José Aloysio Jacobs,6fd
Rua José Arlindo Zimmer,6fd
Rua José Avelino dos Santos,6fd
Rua José Bonifácio,6fd
Rua José Edvino Giehl,6fd
Rua José Germano Frantz,6fd
Rua José Gomes,6fd
Rua José Leopoldo Rauber,6fd
Rua José Luiz Kessler,6fd
Rua José Pedro Fröhlich,6fd
Rua José Pedro Haas,6fd
Rua José Rauber,6fd
Rua José Rodrigues da Silva,6fd
Rua José Severino Pick,6fd
Rua José W. Koelzer,6fd
Rua José de Alencar,6fd
Rua José de Oliveira Lopes,6fd
Rua José do Patrocínio,6fd
Rua João Adão Rabuske,6fd
Rua João Ambros Gouvêa,6fd
Rua João Arlindo da Luz - Pítia,6fd
Rua João B. de Menezes,6fd
Rua João Baumhardt,6fd
Rua João Darci Duarte de Souza,6fd
Rua João Floriano Backes,6fd
Rua João Francisco Rauber,6fd
Rua João Füller,6fd
Rua João Goerck,6fd
Rua João Gomes Cardoso,6fd
Rua João Kirst,6fd
Rua João Kist Sobrinho,6fd
Rua João Koppe,6fd
Rua João Martin Buff,6fd
Rua João Nicolau Kliemann,6fd
Rua João Pedro Koelzer,6fd
Rua João Pedro da Rosa,6fd
Rua João Pritsch,6fd
Rua João Rabuske,6fd
Rua João Ritter,6fd
Rua João Rodolfo Bremm,6fd
Rua João Schaefer,6fd
Rua João Sehnem,6fd
Rua João Simon,6fd
Rua João Waldemar da Fontoura,6fd
Rua João Werlang,6fd
Rua João de Barros,6fd
Rua Juca Werlang,6fd
Rua Julio Péricles Machado,6fd
Rua Jônathas de Barros,6fd
Rua Júlio de Castilhos,6fd
Rua Lajeado,6fd
Rua Lauro Elemar Hansen,6fd
Rua Lauro Eni Alves da Silva,6fd
Rua Lauro Ricardo Pommerehn,6fd
Rua Lenhardt Franken,6fd
Rua Leo Raphael Kipper,6fd
Rua Leonardo da Vinci,6fd
Rua Leonel Vivaldo Fishborn,6fd
Rua Leonel do Prado,6fd
Rua Leopoldo Paulo Seidl,6fd
Rua Leopoldo Roberto Schneider,6fd
Rua Liberato S. V. da Cunha,6fd
Rua Lindolfo Claas,6fd
Rua Lindolfo Collor,6fd
Rua Lindolfo Germano Knudsen,6fd
Rua Lindolfo Grawunder,6fd
Rua Lindolfo Henrique Gerhardt,6fd
Rua Lindolfo Spengler,6fd
Rua Lindóia,6fd
Rua Lino Manoel dos Santos,6fd
Rua Lisboa,6fd
Rua Londres,6fd
Rua Lothário Bartholomay,6fd
Rua Lothário F. Heuser,6fd
Rua Louro,6fd
Rua Luiz Beck da Silva,6fd
Rua Luiz Elimar Blum,6fd
Rua Luiz Gama,6fd
Rua Luiz Gonzaga Soares,6fd
Rua Luiz Scafini,6fd
Rua Luiza Geiss,6fd
Rua Luís de Camões,6fd
Rua Lúcia Hoppe,6fd
Rua Macapá,6fd
Rua Maceió,6fd
Rua Machado de Assis,6fd
Rua Madre Tereza de Calcutá,6fd
Rua Madrid,6fd
Rua Maestro Lindolfo Rech,6fd
Rua Maj. Pedro Santana de Oliveira,6fd
Rua Mal. Dutra,6fd
Rua Mal. Emilio Luiz Mallet,6fd
Rua Mal. Floriano,6fd
Rua Manaus,6fd
Rua Manoel Antonio de Barros,6fd
Rua Marcílio Dias,6fd
Rua Marechal Deodoro,6fd
Rua Margarete Inês Lawisch,6fd
Rua Maria Cacilda Rauber,6fd
Rua Maria Carolina,6fd
Rua Maria Kipper,6fd
Rua Maria Verônica Lau,6fd
Rua Maringá,6fd
Rua Mario Bicca Pires,6fd
Rua Marques de Souza,6fd
Rua Martin Luther,6fd
Rua Matheus Rafael Raschen,6fd
Rua Mathias José Melchiors,6fd
Rua Mato Grosso,6fd
Rua Mauro Luís Grando,6fd
Rua Milton Faller,6fd
Rua Milão,6fd
Rua Miraguaí,6fd
Rua Modena,6fd
Rua Mogno,6fd
Rua Montenegro,6fd
Rua Montevidéu,6fd
Rua Monza,6fd
Rua Mustafa Husni Hasan Ali,6fd
Rua Mário Quintana,6fd
Rua México,6fd
Rua Mônaco,6fd
Rua Nelson Hildemar Spall,6fd
Rua Nestor Bünecker,6fd
Rua Neusa Goulart Brizola,6fd
Rua Niderau Farah,6fd
Rua Niterói,6fd
Rua Normélio Egídio Boettcher,6fd
Rua Nova Prata,6fd
Rua Nápoles,6fd
Rua Octávio Vittielo,6fd
Rua Odilo Alcides Brutscher,6fd
Rua Olaria,6fd
Rua Olavo Bilac,6fd
Rua Olinda,6fd
Rua Oscar Hugo Martin,6fd
Rua Osvaldo Aranha,6fd
Rua Osvaldo Cruz,6fd
Rua Oswaldo Marx,6fd
Rua Othylina Beltrão Mânica,6fd
Rua Ottilia Kaercher,6fd
Rua Ottmar Carlos Müller,6fd
Rua Otávio Faria,6fd
Rua P. J. Fairon,6fd
Rua Palestina,6fd
Rua Palmitinho,6fd
Rua Panamá,6fd
Rua Pantano Grande,6fd
Rua Papa João XXIII,6fd
Rua Paraguai,6fd
Rua Paraíba,6fd
Rua Paris,6fd
Rua Parma,6fd
Rua Parque Real,6fd
Rua Pará,6fd
Rua Passa Sete,6fd
Rua Passo Fundo,6fd
Rua Passo do Sobrado,6fd
Rua Paulo Adolfo Peise,6fd
Rua Paulo Backes,6fd
Rua Paulo Fagundes - Carioca,6fd
Rua Paulo Gabriel Aloisio Jungblut,6fd
Rua Paulo Hardi Kirst,6fd
Rua Paulo Rauber,6fd
Rua Paulo Roberto Haas,6fd
Rua Paulo Sthal,6fd
Rua Paulo Trinks,6fd
Rua Pe. Albano Trinks,6fd
Rua Pe. Alfredo Bley,6fd
Rua Pe. Aloisio Sehnem,6fd
Rua Pe. Amstad,6fd
Rua Pe. Anchieta,6fd
Rua Pe. Antonio Vieira,6fd
Rua Pe. Darupp,6fd
Rua Pe. Emílio Backes,6fd
Rua Pe. Felipe Sauer,6fd
Rua Pe. Gaspar Demmeler,6fd
Rua Pe. Ilfio José Theisen,6fd
Rua Pe. Inácio Eidt,6fd
Rua Pe. José Belser,6fd
Rua Pe. José Humberto Viehoff,6fd
Rua Pe. João Walter Giehl,6fd
Rua Pe. Landel de Moura,6fd
Rua Pe. Luiz Mueller,6fd
Rua Pe. Pedro Ernesto Haeser,6fd
Rua Pe. Reus,6fd
Rua Pe. Theobaldo Frantz,6fd
Rua Pedro K. Sobrinho,6fd
Rua Pedro Kleudgen,6fd
Rua Pedro Schaefer Sobrinho,6fd
Rua Pedro Soares,6fd
Rua Pedro Thier Filho,6fd
Rua Pereira Cabral,6fd
Rua Pereira da Cunha,6fd
Rua Pernambuco,6fd
Rua Perú,6fd
Rua Peter Wilges,6fd
Rua Petrópolis,6fd
Rua Piauí,6fd
Rua Piratini,6fd
Rua Pita Pinheiro,6fd
Rua Plátano,6fd
Rua Portela,6fd
Rua Porto Alegre,6fd
Rua Portugal,6fd
Rua Posto Agropecuário,6fd
Rua Pr. Becker,6fd
Rua Pr. Hildebrand,6fd
Rua Pr. Laechler,6fd
Rua Pref. Armando Wink,6fd
Rua Pres. Afonso Pena,6fd
Rua Pres. Campos Sales,6fd
Rua Pres. Epitácio Pessoa,6fd
Rua Pres. João Goulart,6fd
Rua Pres. Jânio Quadros,6fd
Rua Pres. Nilo Peçanha,6fd
Rua Pres. Prudente de Moraes,6fd
Rua Pres. Rodrigues Alves,6fd
Rua Pres. Tancredo Neves,6fd
Rua Princesa Isabel,6fd
Rua Prof. Afonso Rabuske,6fd
Rua Prof. Albino Pedro Sehnem,6fd
Rua Prof. Alice Simões Pires,6fd
Rua Prof. Aloisio Boufleur,6fd
Rua Prof. André Klarmann,6fd
Rua Prof. Antonio Koehler,6fd
Rua Prof. Arno Gressler,6fd
Rua Prof. Berenice Paranhos da Luz,6fd
Rua Prof. Carlos Almeida,6fd
Rua Prof. Carlos Bencke Sobrinho,6fd
Rua Prof. Christiano João Smidt,6fd
Rua Prof. Clemente Borgrewe,6fd
Rua Prof. Dourado,6fd
Rua Prof. Edgar Gewehr,6fd
Rua Prof. Etvino Hoppen,6fd
Rua Prof. Genny Fontoura,6fd
Rua Prof. Guido Seffrin,6fd
Rua Prof. Henrique Carlos Elsenbruch,6fd
Rua Prof. Ilgo Frederico Welp,6fd
Rua Prof. Irani Reuter,6fd
Rua Prof. Ivo Rathke,6fd
Rua Prof. José Ferrugem,6fd
Rua Prof. José Soder,6fd
Rua Prof. João Carlos Kolling,6fd
Rua Prof. João Marcos Goettems,6fd
Rua Prof. Léo Winterle,6fd
Rua Prof. Nelson Bender,6fd
Rua Prof. Nelson Valentino Schirmann,6fd
Rua Prof. Olavo Eisenberger,6fd
Rua Prof. Oswaldo Kaufmann,6fd
Rua Prof. Pedro Avelino Junges,6fd
Rua Prof. Pedro Francisco Goettems,6fd
Rua Prof. Roberto Jaeger,6fd
Rua Prof. Simão H. a Campis,6fd
Rua Prof. Walter Carlos Kahmann,6fd
Rua Prof. Wilke,6fd
Rua Prof. Willi Ebert,6fd
Rua Prof. Wilson Kniphoff da Cruz,6fd
Rua Prof. Zeno Francisco Kipper,6fd
Rua Projetada,6fd
Rua Projetada 1 (ANTARES),6fd
Rua Pérola,6fd
Rua Quaraí,6fd
Rua Quartzo,6fd
Rua Ramiro Barcelos,6fd
Rua Ravenna,6fd
Rua Recife,6fd
Rua Reinaldo Christiano Matte,6fd
Rua Reinoldo Schwantz,6fd
Rua Renato Rodolpho Melchiors,6fd
Rua Rene Carlos Beckenkamp,6fd
Rua Riachuelo,6fd
Rua Ricardo Hoffmann Filho,6fd
Rua Rio Branco,6fd
Rua Rio Grande,6fd
Rua Rio de Janeiro,6fd
Rua Roberto A. Hartungs,6fd
Rua Roberto Gruendling,6fd
Rua Roberto Herberts,6fd
Rua Roberto Simon,6fd
Rua Roca Sales,6fd
Rua Rodolfo Binz,6fd
Rua Rodolfo E. Buelow,6fd
Rua Rodolfo Neumann,6fd
Rua Rodolfo Schild,6fd
Rua Rodolfo Silveira,6fd
Rua Rolante,6fd
Rua Roma,6fd
Rua Roman Riesch,6fd
Rua Romeo Seibel,6fd
Rua Romildo Knak,6fd
Rua Rosalvo Antonio de Borba,6fd
Rua Rotary International,6fd
Rua Rubi,6fd
Rua Rubi Hepp,6fd
Rua Rudi Schwengber,6fd
Rua Rudolfo Eifler,6fd
Rua Rui Barbosa,6fd
Rua Ruy A. Kaercher,6fd
Rua Safira,6fd
Rua Salgueiro,6fd
Rua Salvador,6fd
Rua Samuel Pinto Cortez,6fd
Rua San Marino,6fd
Rua Sananduva,6fd
Rua Santa Bárbara,6fd
Rua Santa Cecília,6fd
Rua Santa Clara,6fd
Rua Santa Madre Paulina,6fd
Rua Santa Maria,6fd
Rua Santa Mônica,6fd
Rua Santa Rosa,6fd
Rua Santa Vitória,6fd
Rua Santana,6fd
Rua Santiago,6fd
Rua Santo Amaro,6fd
Rua Santo Antonio,6fd
Rua Santo Augusto,6fd
Rua Santo Cristo,6fd
Rua Santo Ângelo,6fd
Rua Santos Dumont,6fd
Rua Sarandi,6fd
Rua Schulz,6fd
Rua Segefredo Werner,6fd
Rua Segredo,6fd
Rua Sen. Darcy Ribeiro,6fd
Rua Sen. Pinheiro Machado,6fd
Rua Sen. Salgado Filho,6fd
Rua Seno Krueger,6fd
Rua Serafim Severo,6fd
Rua Simão Gramlich,6fd
Rua Sobradinho,6fd
Rua Stanislau Jacobs,6fd
Rua Suiça,6fd
Rua Susana Kipper,6fd
Rua São Borja,6fd
Rua São Filipe,6fd
Rua São Francisco,6fd
Rua São Gabriel,6fd
Rua São Jerônimo,6fd
Rua São Jorge,6fd
Rua São José,6fd
Rua São João,6fd
Rua São Leopoldo,6fd
Rua São Lourenço,6fd
Rua São Lucas,6fd
Rua São Luiz,6fd
Rua São Marcos,6fd
Rua São Mateus,6fd
Rua São Paulo,6fd
Rua São Roque,6fd
Rua São Sebastião,6fd
Rua São Tiago,6fd
Rua Tab. Haraldo Carlos Neumann,6fd
Rua Tab. Rudi Neumann,6fd
Rua Tapes,6fd
Rua Taquara,6fd
Rua Tarumã,6fd
Rua Telmo Alfredo Roese,6fd
Rua Ten. Cel. Brito,6fd
Rua Ten. Cel. Jorge Adão Fetter,6fd
Rua Thales Theisen,6fd
Rua Thereza Kipper Trinks,6fd
Rua Thomaz Flores,6fd
Rua Timbó,6fd
Rua Tiradentes,6fd
Rua Tom Jobim,6fd
Rua Topázio,6fd
Rua Trento,6fd
Rua Turmalina,6fd
Rua Turquesa,6fd
Rua Udo Arcides Kannenberg,6fd
Rua Umbú,6fd
Rua Uruguay,6fd
Rua V (LOT. FLAMBOYANT),6fd
Rua V (LOT. JACARANDA),6fd
Rua V (Lot. Alvorada),6fd
Rua VII (LOT. JACARANDA),6fd
Rua VIII (LOT. JACARANDA),6fd
Rua VIII (Lot. Parque Primavera),6fd
Rua Vale Verde,6fd
Rua Vale do Sol,6fd
Rua Vasco da Gama,6fd
Rua Vasco de Azevedo,6fd
Rua Veneza,6fd
Rua Venezuela,6fd
Rua Venâncio Aires,6fd
Rua Ver. Adroaldo Campos,6fd
Rua Ver. Affonso Theo Kothe,6fd
Rua Ver. Armando Marx,6fd
Rua Ver. Assmann,6fd
Rua Ver. Augusto Agenor Trevisan,6fd
Rua Ver. Benno João Kist,6fd
Rua Ver. Cláudio Grehs,6fd
Rua Ver. Donato João Glesse,6fd
Rua Ver. Dorfey,6fd
Rua Ver. Germano Hentschke,6fd
Rua Ver. Harry Antonio Werner,6fd
Rua Ver. Hildo Caspary,6fd
Rua Ver. Ivo Cláudio Weigel,6fd
Rua Ver. João Carlos Frantz,6fd
Rua Ver. Ottmar Munch,6fd
Rua Ver. Quirino Pereira de Aquino,6fd
Rua Ver. Rauber Filho,6fd
Rua Ver. Rudi Mueller,6fd
Rua Ver. Selfredo Stein,6fd
Rua Ver. Sildo Paulo Goettert,6fd
Rua Ver. Storck,6fd
Rua Ver. Walter Dreyer,6fd
Rua Vera Cruz,6fd
Rua Verona,6fd
Rua Via Interna Central,6fd
Rua Via Interna Leste,6fd
Rua Via Interna Norte,6fd
Rua Via Interna Oeste,6fd
Rua Via Interna Sul,6fd
Rua Viamão,6fd
Rua Vicenza,6fd
Rua Victor Frederico Baumhardt,6fd
Rua Viena,6fd
Rua Villa Lobos,6fd
Rua Vinícius Borges da Fontoura,6fd
Rua Violeta,6fd
Rua Visconde de Mauá,6fd
Rua Vitória,6fd
Rua Vítor Mateus Teixeira,6fd
Rua Waldemar Dornaldo Emmel,6fd
Rua Walder Rude Kipper,6fd
Rua Walmor Adolfo Pocebon,6fd
Rua Walmor Nicolau Schabbach,6fd
Rua Walter Daniel Caspary,6fd
Rua Walter David,6fd
Rua Walter Jobim,6fd
Rua Walter Rohr,6fd
Rua Willi Eick,6fd
Rua Zildo Carlos Frohlich,6fd
Rua da Figueira,6fd
Rua da Gruta,6fd
Rua das Acácias,6fd
Rua das Araucárias,6fd
Rua das Azaleias,6fd
Rua das Bromélias,6fd
Rua das Cerejeiras,6fd
Rua das Laranjeiras,6fd
Rua das Macieiras,6fd
Rua das Margaridas,6fd
Rua das Nogueiras,6fd
Rua das Oliveiras,6fd
Rua das Orquídeas,6fd
Rua das Palmeiras,6fd
Rua das Rosas,6fd
Rua das Tipuanas,6fd
Rua das Tulipas,6fd
Rua do Moinho,6fd
Rua do Parque,6fd
Rua do Riacho,6fd
Rua dos Carvalhos,6fd
Rua dos Coqueirais,6fd
Rua dos Cravos,6fd
Rua dos Eucaliptos,6fd
Rua dos Gerânios,6fd
Rua dos Jequetibás,6fd
Rua dos Jerivás,6fd
Rua dos Juazeiros,6fd
Rua dos Pinheiros,6fd
Rua dos Pássaros,6fd
Rua Água-Marinha,6fd
Rua Átila Alves Machado,6fd
Rua Áustria,6fd
Trav. 01 (Lot. Bela Vista),6fd
Trav. 02 do Recanto do Sol,6fd
Trav. 15 de Novembro,6fd
Trav. 1º de Maio,6fd
Trav. A (LOT. VILA UNIAO),6fd
Trav. Adolfo Evers,6fd
Trav. Aracajú,6fd
Trav. Bahia,6fd
Trav. Baurú,6fd
Trav. Beno J. Eick,6fd
Trav. Canela,6fd
Trav. Canoas,6fd
Trav. Carlos A. Hoppe,6fd
Trav. Caí,6fd
Trav. Cel. Felício de Almeida,6fd
Trav. Conceição,6fd
Trav. Cons. Riedl,6fd
Trav. Dois,6fd
Trav. Dona Leopoldina,6fd
Trav. Esteio,6fd
Trav. Evaristo Alves de Oliveira,6fd
Trav. Floriano Müller,6fd
Trav. Globo,6fd
Trav. Guaíba,6fd
Trav. Haiti,6fd
Trav. Harmonia,6fd
Trav. Haun,6fd
Trav. Heck,6fd
Trav. Honduras,6fd
Trav. Ibarama,6fd
Trav. Ilópolis,6fd
Trav. Iraí,6fd
Trav. Itararé,6fd
Trav. Itaí,6fd
Trav. Itaúba,6fd
Trav. João Paulo I,6fd
Trav. Kappaun,6fd
Trav. Krug,6fd
Trav. Lavras,6fd
Trav. Leopoldina,6fd
Trav. Lisboa,6fd
Trav. Maurício Cardoso,6fd
Trav. Meinhardt,6fd
Trav. Montevidéu,6fd
Trav. Natal,6fd
Trav. Panambi,6fd
Trav. Paranaguá,6fd
Trav. Parobé,6fd
Trav. Pedro Souza,6fd
Trav. Pioneer,6fd
Trav. Primeira Travessa,6fd
Trav. Prof. Antônio Balthazar Englert,6fd
Trav. Quarta Travessa,6fd
Trav. Quinta Travessa,6fd
Trav. Rabuske,6fd
Trav. Rio Pardo,6fd
Trav. Roraima,6fd
Trav. Rosário,6fd
Trav. Santo André,6fd
Trav. Santo Inácio,6fd
Trav. Seberi,6fd
Trav. Segunda Travessa,6fd
Trav. Sergipe,6fd
Trav. Sexta Travessa,6fd
Trav. Soledade,6fd
Trav. São Gabriel,6fd
Trav. São Rafael,6fd
Trav. São Sepé,6fd
Trav. Sétima Travessa,6fd
Trav. Taquari,6fd
Trav. Ten. Barbosa,6fd
Trav. Terceira Travessa,6fd
Trav. Teresópolis,6fd
Trav. Thomas,6fd
Trav. Torres,6fd
Trav. Triunfo,6fd
Trav. Três,6fd
Trav. Um,6fd
Trav. Valério Rodrigues do Santos,6fd
Trav. Ver. Walter Kern,6fd
Trav. Vinícius de Moraes,6fd
Trav. Zildo Francisco Rabuske,6fd
Trav. da Pedreira,6fd
Trav. do Carmo,6fd
Trav. Érico Veríssimo,6fd
